user_id,timestamp,signal_value,movement_type
user2,2026-08-11T00:00:00+00:00,51,walk
user3,2026-08-11T00:05:00+00:00,86,error
cd63f90c-fd21-45bd-836c-95c24b9ba5c2,2026-08-11T00:10:00+00:00,77,grasp
cd63f90c-fd21-45bd-836c-95c24b9ba5c2,2026-08-11T00:15:00+00:00,54,error
user3,2026-08-11T00:20:00+00:00,85,sit
user2,2026-08-11T00:25:00+00:00,56,sit
user2,2026-08-11T00:30:00+00:00,73,error
user3,2026-08-11T00:35:00+00:00,73,error
cd63f90c-fd21-45bd-836c-95c24b9ba5c2,2026-08-11T00:40:00+00:00,94,sit
user3,2026-08-11T00:45:00+00:00,84,error
user2,2026-08-11T00:50:00+00:00,60,error
user3,2026-08-11T00:55:00+00:00,70,walk
user2,2026-08-11T01:00:00+00:00,68,stand
user3,2026-08-11T01:05:00+00:00,69,stand
user2,2026-08-11T01:10:00+00:00,60,walk
user2,2026-08-11T01:15:00+00:00,52,grasp
user3,2026-08-11T01:20:00+00:00,71,grasp
user2,2026-08-11T01:25:00+00:00,58,stand
cd63f90c-fd21-45bd-836c-95c24b9ba5c2,2026-08-11T01:30:00+00:00,66,stand
user3,2026-08-11T01:35:00+00:00,79,grasp
user2,2026-08-11T01:40:00+00:00,81,stand
user3,2026-08-11T01:45:00+00:00,81,error
cd63f90c-fd21-45bd-836c-95c24b9ba5c2,2026-08-11T01:50:00+00:00,93,sit
cd63f90c-fd21-45bd-836c-95c24b9ba5c2,2026-08-11T01:55:00+00:00,72,sit
cd63f90c-fd21-45bd-836c-95c24b9ba5c2,2026-08-11T02:00:00+00:00,90,walk
user2,2026-08-11T02:05:00+00:00,98,sit
user2,2026-08-11T02:10:00+00:00,68,error
cd63f90c-fd21-45bd-836c-95c24b9ba5c2,2026-08-11T02:15:00+00:00,94,sit
user2,2026-08-11T02:20:00+00:00,70,grasp
user2,2026-08-11T02:25:00+00:00,52,walk
user3,2026-08-11T02:30:00+00:00,87,sit
user2,2026-08-11T02:35:00+00:00,55,walk
cd63f90c-fd21-45bd-836c-95c24b9ba5c2,2026-08-11T02:40:00+00:00,67,grasp
user2,2026-08-11T02:45:00+00:00,60,walk
cd63f90c-fd21-45bd-836c-95c24b9ba5c2,2026-08-11T02:50:00+00:00,93,stand
user2,2026-08-11T02:55:00+00:00,74,walk
user2,2026-08-11T03:00:00+00:00,58,error
user2,2026-08-11T03:05:00+00:00,53,stand
user2,2026-08-11T03:10:00+00:00,83,walk
user2,2026-08-11T03:15:00+00:00,99,stand
user3,2026-08-11T03:20:00+00:00,72,walk
user2,2026-08-11T03:25:00+00:00,76,error
cd63f90c-fd21-45bd-836c-95c24b9ba5c2,2026-08-11T03:30:00+00:00,70,sit
cd63f90c-fd21-45bd-836c-95c24b9ba5c2,2026-08-11T03:35:00+00:00,97,grasp
user3,2026-08-11T03:40:00+00:00,62,grasp
cd63f90c-fd21-45bd-836c-95c24b9ba5c2,2026-08-11T03:45:00+00:00,99,sit
user3,2026-08-11T03:50:00+00:00,57,grasp
user3,2026-08-11T03:55:00+00:00,65,sit
cd63f90c-fd21-45bd-836c-95c24b9ba5c2,2026-08-11T04:00:00+00:00,83,sit
user3,2026-08-11T04:05:00+00:00,68,walk
cd63f90c-fd21-45bd-836c-95c24b9ba5c2,2026-08-11T04:10:00+00:00,69,error
user2,2026-08-11T04:15:00+00:00,97,sit
user3,2026-08-11T04:20:00+00:00,87,error
cd63f90c-fd21-45bd-836c-95c24b9ba5c2,2026-08-11T04:25:00+00:00,52,error
user3,2026-08-11T04:30:00+00:00,52,walk
user2,2026-08-11T04:35:00+00:00,83,error
user3,2026-08-11T04:40:00+00:00,61,stand
user3,2026-08-11T04:45:00+00:00,85,error
cd63f90c-fd21-45bd-836c-95c24b9ba5c2,2026-08-11T04:50:00+00:00,85,stand
user2,2026-08-11T04:55:00+00:00,77,grasp
user2,2026-08-11T05:00:00+00:00,78,walk
user3,2026-08-11T05:05:00+00:00,64,stand
cd63f90c-fd21-45bd-836c-95c24b9ba5c2,2026-08-11T05:10:00+00:00,68,stand
cd63f90c-fd21-45bd-836c-95c24b9ba5c2,2026-08-11T05:15:00+00:00,79,walk
cd63f90c-fd21-45bd-836c-95c24b9ba5c2,2026-08-11T05:20:00+00:00,80,sit
user2,2026-08-11T05:25:00+00:00,81,walk
user2,2026-08-11T05:30:00+00:00,87,error
user3,2026-08-11T05:35:00+00:00,50,stand
user2,2026-08-11T05:40:00+00:00,68,sit
cd63f90c-fd21-45bd-836c-95c24b9ba5c2,2026-08-11T05:45:00+00:00,96,error
user3,2026-08-11T05:50:00+00:00,62,stand
user3,2026-08-11T05:55:00+00:00,81,grasp
user3,2026-08-11T06:00:00+00:00,71,grasp
cd63f90c-fd21-45bd-836c-95c24b9ba5c2,2026-08-11T06:05:00+00:00,81,stand
cd63f90c-fd21-45bd-836c-95c24b9ba5c2,2026-08-11T06:10:00+00:00,88,stand
user3,2026-08-11T06:15:00+00:00,72,stand
user2,2026-08-11T06:20:00+00:00,59,sit
user2,2026-08-11T06:25:00+00:00,69,walk
cd63f90c-fd21-45bd-836c-95c24b9ba5c2,2026-08-11T06:30:00+00:00,72,stand
cd63f90c-fd21-45bd-836c-95c24b9ba5c2,2026-08-11T06:35:00+00:00,99,error
cd63f90c-fd21-45bd-836c-95c24b9ba5c2,2026-08-11T06:40:00+00:00,55,stand
user3,2026-08-11T06:45:00+00:00,96,error
cd63f90c-fd21-45bd-836c-95c24b9ba5c2,2026-08-11T06:50:00+00:00,54,stand
user2,2026-08-11T06:55:00+00:00,62,walk
user2,2026-08-11T07:00:00+00:00,56,grasp
cd63f90c-fd21-45bd-836c-95c24b9ba5c2,2026-08-11T07:05:00+00:00,88,error
user3,2026-08-11T07:10:00+00:00,72,sit
cd63f90c-fd21-45bd-836c-95c24b9ba5c2,2026-08-11T07:15:00+00:00,92,error
user2,2026-08-11T07:20:00+00:00,93,stand
user2,2026-08-11T07:25:00+00:00,54,walk
cd63f90c-fd21-45bd-836c-95c24b9ba5c2,2026-08-11T07:30:00+00:00,87,stand
user2,2026-08-11T07:35:00+00:00,88,error
user2,2026-08-11T07:40:00+00:00,91,error
user3,2026-08-11T07:45:00+00:00,81,stand
cd63f90c-fd21-45bd-836c-95c24b9ba5c2,2026-08-11T07:50:00+00:00,64,error
user3,2026-08-11T07:55:00+00:00,97,stand
user3,2026-08-11T08:00:00+00:00,68,error
cd63f90c-fd21-45bd-836c-95c24b9ba5c2,2026-08-11T08:05:00+00:00,91,stand
user3,2026-08-11T08:10:00+00:00,56,grasp
user2,2026-08-11T08:15:00+00:00,67,grasp
